Classifier,Audio
0,[0. 0. 0. ... 0. 0. 0.]
0,"[-1.2018875e-06 -1.1984750e-06  1.5833858e-07 ... -3.5439265e-05
 -1.4009583e-05  0.0000000e+00]"
0,"[-5.1199061e-07 -7.2345449e-07 -1.4461588e-07 ...  2.7698576e-07
 -1.4972287e-06  0.0000000e+00]"
0,"[-2.1065419e-10 -2.3065622e-11  2.3482796e-10 ... -1.3781661e-07
 -3.2380962e-07  0.0000000e+00]"
0,"[5.9630403e-09 1.0178352e-08 3.0551284e-09 ... 2.7850683e-05 2.0440495e-05
 0.0000000e+00]"
0,"[1.15301354e-07 1.83710924e-07 5.27507460e-08 ... 0.00000000e+00
 0.00000000e+00 0.00000000e+00]"
0,"[-1.0125807e-08 -2.0102028e-08 -7.0599815e-09 ...  5.7765095e-07
 -6.7530732e-06  0.0000000e+00]"
0,"[-4.3857193e-09 -9.9958379e-09 -4.8167377e-09 ...  9.6030508e-06
 -8.4402427e-06  0.0000000e+00]"
0,"[ 3.4458600e-10  3.9260684e-10  6.7671970e-12 ... -1.2783576e-05
 -1.9657025e-05  0.0000000e+00]"
0,"[-3.8973864e-09  7.8983575e-09  1.2620406e-08 ... -1.0901156e-06
  2.8078064e-09  0.0000000e+00]"
0,"[-3.14033244e-08 -8.44401882e-08 -4.93986647e-08 ... -1.46525335e-05
 -1.08055774e-05  0.00000000e+00]"
1,[0. 0. 0. ... 0. 0. 0.]
1,"[ 0.0000000e+00  0.0000000e+00  0.0000000e+00 ... -3.1403353e-05
 -2.2525857e-05 -1.0750578e-05]"
1,[0.         0.         0.         ... 0.07640088 0.06797938 0.        ]
1,[0.         0.         0.         ... 0.70523614 0.48604107 0.        ]
1,[0.        0.        0.        ... 0.295823  0.1546865 0.       ]
1,"[ 0.          0.          0.         ... -0.12534755 -0.06953959
  0.        ]"
1,[0.         0.         0.         ... 0.56747735 0.46788946 0.        ]
1,[0.         0.         0.         ... 0.1781847  0.11035679 0.        ]
1,"[ 0.          0.          0.         ... -0.17152908 -0.13957548
 -0.06540858]"
1,[0.         0.         0.         ... 0.00486879 0.009861   0.        ]
1,[0.         0.         0.         ... 0.00915472 0.0019672  0.        ]
1,"[ 0.          0.          0.         ... -0.02512441 -0.01440112
  0.        ]"
1,[0. 0. 0. ... 0. 0. 0.]
1,[0.         0.         0.         ... 0.07117565 0.05003465 0.        ]
1,[0.         0.         0.         ... 0.04207506 0.01484883 0.        ]
1,"[ 0.          0.          0.         ... -0.10227724 -0.07630255
  0.        ]"
1,[0.         0.         0.         ... 0.02665475 0.02554819 0.        ]
1,[0.         0.         0.         ... 0.00719504 0.00493716 0.        ]
1,[0. 0. 0. ... 0. 0. 0.]
